year,auc,f1_class1,precision_class1,recall_class1
2022,0.9999869033896985,0.9985540679256946,0.9979262266148958,0.9991826997415564
2023,0.9999996006778363,0.9995894066926709,1.0,0.9991791504206854
